{
  "name": "Демонстрационное поле Саратов",
  "home": [51.533000, 46.034000, 120],
  "firmwareType": 12,
  "vehicleType": 2,
  "hoverSpeed": 5,
  "polygon": [
    [51.533000, 46.034000],
    [51.533000, 46.039300],
    [51.529900, 46.039300],
    [51.529900, 46.034000]
  ]
}
